{
  "K1": [
    [
      3046.443389872428,
      0.0,
      1927.9355560938989
    ],
    [
      0.0,
      3033.444385832433,
      1075.7888804600607
    ],
    [
      0.0,
      0.0,
      1.0
    ]
  ],
  "dist1": [
    [
      -0.0018891473357493917,
      0.009652978158818047,
      0.0,
      0.0,
      0.0
    ]
  ],
  "K2": [
    [
      3051.4791595792935,
      0.0,
      1923.2620108979752
    ],
    [
      0.0,
      3038.2172771331607,
      1073.9165873186012
    ],
    [
      0.0,
      0.0,
      1.0
    ]
  ],
  "dist2": [
    [
      -0.0037116122223009563,
      0.0200452477055813,
      0.0,
      0.0,
      0.0
    ]
  ],
  "R": [
    [
      0.7925272108262246,
      0.005153573877506863,
      -0.6098147757936783
    ],
    [
      0.005581313381251792,
      0.9998611155260063,
      0.015703458218828452
    ],
    [
      0.6098110109213717,
      -0.01584898531071658,
      0.7923883773905795
    ]
  ],
  "T": [
    [
      -1.6696766022223173
    ],
    [
      0.022416513153691055
    ],
    [
      0.48889339021828815
    ]
  ],
  "image_width": 3840,
  "image_height": 2160,
  "image_size": [
    3840,
    2160
  ],
  "unit": "meter",
  "calibration_notes": {
    "source": "converted from MATLAB-style stereo JSON",
    "input_path": "D:\\MATLAB R2021a\\bin\\stereo_params.json",
    "world_units_in_input": "millimeters",
    "force_t_in_m": false,
    "mean_reprojection_error_stereo_px": 0.18057053473610174,
    "num_patterns": 49,
    "rescaled_from_image_size": [
      1920,
      1080
    ],
    "rescaled_to_image_size": [
      3840,
      2160
    ],
    "intrinsics_scale_x": 2.0,
    "intrinsics_scale_y": 2.0,
    "note_added_by_chatgpt": "K1/K2 principal point and focal lengths were rescaled to match 3840x2160 video. R/T/dist unchanged."
  }
}